Population,Original_SNPs,Filtered_SNPs,Individuals,Retention_Rate
ASW,718848,21694,49,3.01788417022792
CEU,718848,21694,112,3.01788417022792
CHB,718848,21694,84,3.01788417022792
JPT,718848,21694,86,3.01788417022792
LWK,718848,21694,90,3.01788417022792
MXL,718848,21694,50,3.01788417022792
TSI,718848,21694,88,3.01788417022792
YRI,718848,21694,113,3.01788417022792
