Population,HapMap3_SNPs,KG_SNPs,Common_Positions,Biallelic_SNPs,Matching_Alleles,Allele_Match_Rate,Complex_Variants
ASW,21694,21664,21643,20759,5753,27.713280986560047,884
CEU,21694,21664,21643,20759,5753,27.713280986560047,884
CHB,21694,21664,21643,20759,5753,27.713280986560047,884
JPT,21694,21664,21643,20759,5753,27.713280986560047,884
LWK,21694,21664,21643,20759,5753,27.713280986560047,884
MXL,21694,21664,21643,20759,5753,27.713280986560047,884
TSI,21694,21664,21643,20759,5753,27.713280986560047,884
YRI,21694,21664,21643,20759,5753,27.713280986560047,884
